{
  "version": "1.0",
  "answers": [
    {
      "techniqueId": "2.1",
      "customerSignal": "onduidelijk",
      "customerMessage": "\"Goedemiddag, ik ben opties aan het verkennen voor softwareoplossingen, maar ik wil eerst meer inzicht in wat uw aanpak precies inhoudt.\"",
      "sellerResponse": "Goedemiddag! Fijn dat u geïnteresseerd bent. Mag ik vragen wat de specifieke uitdagingen zijn waar u mee worstelt?",
      "context": {
        "sector": "IT dienstverlening",
        "product": "Software oplossingen",
        "klant_type": "KMO beslisser"
      },
      "recordedBy": "Hugo (Golden Standard)",
      "id": "ref-1767369889441-7hxqg0dyo",
      "recordedAt": "2026-01-02T16:04:49.441Z"
    },
    {
      "techniqueId": "2.1",
      "customerSignal": "opening",
      "customerMessage": "(Start van gesprek)",
      "sellerResponse": "Goedemiddag, ik ben Jan van IT Solutions. Hoe gaat het vandaag?",
      "context": {
        "sector": "IT services",
        "product": "cloud hosting",
        "klantType": "showroom"
      },
      "recordedBy": "demo-user",
      "id": "ref-1767377972331-w425a5uxx",
      "recordedAt": "2026-01-02T18:19:32.331Z"
    },
    {
      "techniqueId": "2.1",
      "customerSignal": "opening",
      "customerMessage": "(Start van gesprek)",
      "sellerResponse": "Goedemiddag, welkom! Hoe bent u bij ons terechtgekomen?",
      "context": {
        "sector": "IT services",
        "product": "cloud hosting",
        "klantType": "showroom"
      },
      "recordedBy": "demo-user",
      "id": "ref-1767379671838-ougos3rxf",
      "recordedAt": "2026-01-02T18:47:51.838Z"
    },
    {
      "techniqueId": "2",
      "customerSignal": "opening",
      "customerMessage": "(Start van gesprek)",
      "sellerResponse": "Hoe ben je bij ons terecht gekomen?",
      "context": {
        "sector": "IT services",
        "product": "cloud hosting",
        "klantType": "showroom"
      },
      "recordedBy": "demo-user",
      "id": "ref-1767399697301-06kwnsu8d",
      "recordedAt": "2026-01-03T00:21:37.301Z"
    },
    {
      "techniqueId": "2",
      "customerSignal": "vaag",
      "customerMessage": "Ik heb jullie naam hier en daar voorbij zien komen. Misschien via een collega of iets wat ik gelezen heb.",
      "sellerResponse": "Was het eerder onze flexibiliteit of vooral onze kwaliteit die u aanpsrak?",
      "context": {
        "sector": "IT services",
        "product": "cloud hosting",
        "klantType": "showroom"
      },
      "recordedBy": "demo-user",
      "id": "ref-1767399981411-radnz0t6h",
      "recordedAt": "2026-01-03T00:26:21.411Z"
    },
    {
      "techniqueId": "2.1",
      "customerSignal": "opening",
      "customerMessage": "(Start van gesprek)",
      "sellerResponse": "mag ik eens vragen hoe u bij ons bent terecht gekomen?",
      "context": {
        "sector": "vastgoed",
        "product": "beleggingsvastgoed",
        "klantType": "particulier met geld teveel"
      },
      "recordedBy": "demo-user",
      "detectedTechnique": "bron",
      "detectedConfidence": 0.5,
      "isCorrection": true,
      "id": "ref-1767403044930-0784hvgsq",
      "recordedAt": "2026-01-03T01:17:24.930Z"
    },
    {
      "techniqueId": "2.1",
      "customerSignal": "vaag",
      "customerMessage": "\"Ik geloof dat ik via een kennis over jullie hoorde, maar ik weet het niet meer precies.\"",
      "sellerResponse": "was het eerder onze zorgeloze investeringsformules of de rendemetnsgarantie die u had aangesproken, weet u dat nog?",
      "context": {
        "sector": "vastgoed",
        "product": "beleggingsvastgoed",
        "klantType": "particulier met geld teveel"
      },
      "recordedBy": "demo-user",
      "isCorrection": false,
      "id": "ref-1767403112774-skbdbjbuo",
      "recordedAt": "2026-01-03T01:18:32.774Z"
    },
    {
      "techniqueId": "2",
      "customerSignal": "opening",
      "customerMessage": "(Start van gesprek)",
      "sellerResponse": "hoe bent u bij ons terechtgekomen?",
      "context": {
        "sector": "vastgoed",
        "product": "beleggingsvastgoed",
        "klantType": "particulier met geld teveel"
      },
      "recordedBy": "demo-user",
      "detectedTechnique": "bron",
      "detectedConfidence": 0.5,
      "isCorrection": true,
      "id": "ref-1767403358194-087i9qqgz",
      "recordedAt": "2026-01-03T01:22:38.194Z"
    },
    {
      "techniqueId": "2",
      "customerSignal": "positief",
      "customerMessage": "Ik ben via een kennis op uw bedrijf gewezen en heb daarna zelf wat onderzoek gedaan. Uw aanpak leek me interessant genoeg om verder te verkennen.",
      "sellerResponse": "wat had u dan precies zo aangesproken?",
      "context": {
        "sector": "vastgoed",
        "product": "beleggingsvastgoed",
        "klantType": "particulier met geld teveel"
      },
      "recordedBy": "demo-user",
      "isCorrection": false,
      "id": "ref-1767403456368-dkrtx8skz",
      "recordedAt": "2026-01-03T01:24:16.368Z"
    },
    {
      "techniqueId": "2.1.1",
      "customerSignal": "opening",
      "customerMessage": "",
      "sellerResponse": "wat had u dan precies zo aangesproken?",
      "context": {
        "sector": "vastgoed",
        "product": "beleggingsvastgoed",
        "klant_type": "particulier met geld teveel",
        "verkoopkanaal": "live"
      },
      "recordedBy": "Hugo (Expert Mode)",
      "id": "ref-1767403479383-bzbre6hqu",
      "recordedAt": "2026-01-03T01:24:39.383Z"
    },
    {
      "techniqueId": "2",
      "customerSignal": "vaag",
      "customerMessage": "\"Het was vooral de manier waarop jullie de risico's en mogelijkheden presenteren, denk ik. Maar ik ben nog aan het kijken hoe dat zich verhoudt tot andere opties.\"",
      "sellerResponse": "wat had u dan precies zo aangesproken?",
      "context": {
        "sector": "vastgoed",
        "product": "beleggingsvastgoed",
        "klantType": "particulier met geld teveel"
      },
      "recordedBy": "demo-user",
      "detectedTechnique": "2.1.1.5",
      "detectedConfidence": 0.5,
      "isCorrection": true,
      "id": "ref-1767403495253-3b548sf2f",
      "recordedAt": "2026-01-03T01:24:55.253Z"
    },
    {
      "techniqueId": "2.1.1",
      "customerSignal": "positief",
      "customerMessage": "",
      "sellerResponse": "wat had u dan precies zo aangesproken?",
      "context": {
        "sector": "vastgoed",
        "product": "beleggingsvastgoed",
        "klant_type": "particulier met geld teveel",
        "verkoopkanaal": "live",
        "isComplete": true,
        "turnNumber": 3,
        "phase": 2,
        "techniqueId": "2"
      },
      "recordedBy": "Hugo (Expert Mode)",
      "id": "ref-1767403512443-zk2jnwu4z",
      "recordedAt": "2026-01-03T01:25:12.443Z"
    },
    {
      "techniqueId": "2.1",
      "customerSignal": "opening",
      "customerMessage": "(Start van gesprek)",
      "sellerResponse": "Hoi, mag ik vragen hoe je bij ons bennt terecht gekomen? de marketing weet graag of de budgetten goed besteed zijn. daarom vraag ik dat altijd even, dat vinden ze fijn.",
      "context": {
        "sector": "vastgoed",
        "product": "beleggingsvastgoed",
        "klantType": "particulier met geld teveel"
      },
      "recordedBy": "demo-user",
      "detectedTechnique": "bron",
      "detectedConfidence": 0.5,
      "isCorrection": true,
      "id": "ref-1767429473283-njnexe5gs",
      "recordedAt": "2026-01-03T08:37:53.283Z"
    },
    {
      "techniqueId": "2.1",
      "customerSignal": "opening",
      "customerMessage": "(Start van gesprek)",
      "sellerResponse": "hoe bent u bij o s terecht gekomen?",
      "context": {
        "sector": "vastgoed",
        "product": "beleggingsvastgoed",
        "klantType": "particulier met geld teveel"
      },
      "recordedBy": "demo-user",
      "detectedTechnique": "bron",
      "detectedConfidence": 0.5,
      "isCorrection": true,
      "id": "ref-1767430547231-lhvi99tyw",
      "recordedAt": "2026-01-03T08:55:47.231Z"
    },
    {
      "techniqueId": "2.1",
      "customerSignal": "vaag",
      "customerMessage": "\"Ik zag jullie naam ergens voorbij komen, weet niet meer precies waar. Het leek me interessant om eens te horen wat jullie doen.\"",
      "sellerResponse": "wat had u daarin aangesproken?",
      "context": {
        "sector": "vastgoed",
        "product": "beleggingsvastgoed",
        "klantType": "particulier met geld teveel"
      },
      "recordedBy": "demo-user",
      "isCorrection": false,
      "id": "ref-1767430607351-2cwtzaepd",
      "recordedAt": "2026-01-03T08:56:47.351Z"
    },
    {
      "techniqueId": "2.1.1",
      "customerSignal": "negatief",
      "customerMessage": "",
      "sellerResponse": "wat had u daarin aangesproken?",
      "context": {
        "sector": "vastgoed",
        "product": "beleggingsvastgoed",
        "klant_type": "particulier met geld teveel",
        "verkoopkanaal": "live",
        "isComplete": true,
        "turnNumber": 2,
        "phase": 2,
        "techniqueId": "2.1"
      },
      "recordedBy": "Hugo (Expert Mode)",
      "isCorrection": null,
      "id": "ref-1767430715441-r8mvrmyk6",
      "recordedAt": "2026-01-03T08:58:35.441Z"
    },
    {
      "techniqueId": "2.1",
      "customerSignal": "opening",
      "customerMessage": "(Start van gesprek)",
      "sellerResponse": "hoe bij ons terecht gekomen?",
      "context": {
        "sector": "vastgoed",
        "product": "beleggingsvastgoed",
        "klantType": "particulier met geld teveel"
      },
      "recordedBy": "demo-user",
      "detectedTechnique": "bron",
      "detectedConfidence": 0.5,
      "isCorrection": true,
      "id": "ref-1767431278437-3azva60v9",
      "recordedAt": "2026-01-03T09:07:58.437Z"
    },
    {
      "techniqueId": "2.1",
      "customerSignal": "vaag",
      "customerMessage": "\"Ik was wat aan het oriënteren en kwam jullie tegen, via een kennis geloof ik.\"",
      "sellerResponse": "wat had u aangesproken?",
      "context": {
        "sector": "vastgoed",
        "product": "beleggingsvastgoed",
        "klantType": "particulier met geld teveel"
      },
      "recordedBy": "demo-user",
      "isCorrection": false,
      "id": "ref-1767431344770-80dwp2smp",
      "recordedAt": "2026-01-03T09:09:04.770Z"
    },
    {
      "techniqueId": "2.1.1",
      "customerSignal": "vaag",
      "customerMessage": "",
      "sellerResponse": "wat had u aangesproken?",
      "context": {
        "sector": "vastgoed",
        "product": "beleggingsvastgoed",
        "klant_type": "particulier met geld teveel",
        "verkoopkanaal": "live",
        "isComplete": true,
        "turnNumber": 2,
        "phase": 2,
        "techniqueId": "2.1"
      },
      "recordedBy": "Hugo (Expert Mode)",
      "isCorrection": null,
      "id": "ref-1767431397016-wyh4u52sr",
      "recordedAt": "2026-01-03T09:09:57.016Z"
    },
    {
      "techniqueId": "2.1",
      "customerSignal": "opening",
      "customerMessage": "(Start van gesprek)",
      "sellerResponse": "hoe bent u bij ons terecht gekomen",
      "context": {
        "sector": "vastgoed",
        "product": "beleggingsvastgoed",
        "klantType": "particulier met geld teveel"
      },
      "recordedBy": "demo-user",
      "detectedTechnique": "bron",
      "detectedConfidence": 0.5,
      "isCorrection": true,
      "id": "ref-1767431994177-sm94f8brs",
      "recordedAt": "2026-01-03T09:19:54.177Z"
    },
    {
      "techniqueId": "2.1",
      "customerSignal": "vaag",
      "customerMessage": "\"Ik geloof via een aanbeveling, maar ik weet het niet meer precies.\"",
      "sellerResponse": "eerder rendement of eerder zekerheid?",
      "context": {
        "sector": "vastgoed",
        "product": "beleggingsvastgoed",
        "klantType": "particulier met geld teveel"
      },
      "recordedBy": "demo-user",
      "isCorrection": false,
      "id": "ref-1767432045250-7krruyo2a",
      "recordedAt": "2026-01-03T09:20:45.250Z"
    },
    {
      "techniqueId": "2.1",
      "customerSignal": "opening",
      "customerMessage": "(Start van gesprek)",
      "sellerResponse": "dag Hugo, mag ik eens vragen hoe u bij ons bent terecht gekomen? (ik vraag dat voor de marketing, die hoort graag of het maketingbudget goed gespendeerd is)",
      "context": {
        "sector": "vastgoed",
        "product": "beleggingsvastgoed",
        "klantType": "particulier met geld teveel"
      },
      "recordedBy": "demo-user",
      "detectedTechnique": "bron",
      "detectedConfidence": 0.5,
      "isCorrection": true,
      "id": "ref-1767440660007-uxniras50",
      "recordedAt": "2026-01-03T11:44:20.007Z"
    },
    {
      "techniqueId": "2.1.1.1",
      "customerSignal": "positief",
      "customerMessage": "",
      "sellerResponse": "dag Hugo, mag ik eens vragen hoe u bij ons bent terecht gekomen? (ik vraag dat voor de marketing, die hoort graag of het maketingbudget goed gespendeerd is)",
      "context": {
        "sector": "vastgoed",
        "product": "beleggingsvastgoed",
        "klant_type": "particulier met geld teveel",
        "verkoopkanaal": "live",
        "isComplete": true,
        "turnNumber": 1,
        "phase": 2,
        "techniqueId": "2.1"
      },
      "recordedBy": "Hugo (Expert Mode)",
      "detectedTechnique": "bron",
      "isCorrection": true,
      "id": "ref-1767440737723-803qxpggu",
      "recordedAt": "2026-01-03T11:45:37.723Z"
    },
    {
      "techniqueId": "2.1",
      "customerSignal": "positief",
      "customerMessage": "Ik heb jullie gevonden via een aanbeveling van een kennis die goede ervaringen met jullie had. Dat klonk interessant, dus ik ben verder gaan kijken.",
      "sellerResponse": "oke cool, en wat had u daar vooral in aangesproken, als ik dat mag vragen?",
      "context": {
        "sector": "vastgoed",
        "product": "beleggingsvastgoed",
        "klantType": "particulier met geld teveel"
      },
      "recordedBy": "demo-user",
      "isCorrection": false,
      "id": "ref-1767440923442-5ag4as80s",
      "recordedAt": "2026-01-03T11:48:43.442Z"
    },
    {
      "techniqueId": "2.1.1",
      "customerSignal": "opening",
      "customerMessage": "",
      "sellerResponse": "oke cool, en wat had u daar vooral in aangesproken, als ik dat mag vragen?",
      "context": {
        "sector": "vastgoed",
        "product": "beleggingsvastgoed",
        "klant_type": "particulier met geld teveel",
        "verkoopkanaal": "live"
      },
      "recordedBy": "Hugo (Expert Mode)",
      "isCorrection": false,
      "id": "ref-1767440923447-wqntemmzn",
      "recordedAt": "2026-01-03T11:48:43.447Z"
    },
    {
      "techniqueId": "2.1",
      "customerSignal": "ontwijkend",
      "customerMessage": "\"Het was vooral de positieve ervaring van die kennis, maar wat dat precies omvatte hangt natuurlijk van meerdere factoren af.\"",
      "sellerResponse": "oke cool, en wat had u daar vooral in aangesproken, als ik dat mag vragen?",
      "context": {
        "sector": "vastgoed",
        "product": "beleggingsvastgoed",
        "klantType": "particulier met geld teveel"
      },
      "recordedBy": "demo-user",
      "isCorrection": false,
      "id": "ref-1767440938462-m9wmqknkk",
      "recordedAt": "2026-01-03T11:48:58.462Z"
    },
    {
      "techniqueId": "2.1.1",
      "customerSignal": "ontwijkend",
      "customerMessage": "",
      "sellerResponse": "oke cool, en wat had u daar vooral in aangesproken, als ik dat mag vragen?",
      "context": {
        "sector": "vastgoed",
        "product": "beleggingsvastgoed",
        "klant_type": "particulier met geld teveel",
        "verkoopkanaal": "live",
        "isComplete": true,
        "turnNumber": 3,
        "phase": 2,
        "techniqueId": "2.1"
      },
      "recordedBy": "Hugo (Expert Mode)",
      "isCorrection": null,
      "id": "ref-1767440940406-yvrc5vdcw",
      "recordedAt": "2026-01-03T11:49:00.406Z"
    },
    {
      "techniqueId": "2.1",
      "customerSignal": "opening",
      "customerMessage": "(Start van gesprek)",
      "sellerResponse": "hoe bent u bij ons terecht gekomen?",
      "context": {
        "sector": "vastgoed",
        "product": "beleggingsvastgoed",
        "klantType": "particulier met geld teveel"
      },
      "recordedBy": "demo-user",
      "detectedTechnique": "bron",
      "detectedConfidence": 0.5,
      "isCorrection": true,
      "id": "ref-1767442343244-7tnadui47",
      "recordedAt": "2026-01-03T12:12:23.244Z"
    },
    {
      "techniqueId": "2.1",
      "customerSignal": "opening",
      "customerMessage": "(Start van gesprek)",
      "sellerResponse": "hoi, hoe ben je bij ons terechtgekopmen?",
      "context": {
        "sector": "vastgoed",
        "product": "beleggingsvastgoed",
        "klantType": "particulier met geld teveel"
      },
      "recordedBy": "demo-user",
      "detectedTechnique": "bron",
      "detectedConfidence": 0.5,
      "isCorrection": true,
      "id": "ref-1767443594846-9d4x8s24q",
      "recordedAt": "2026-01-03T12:33:14.846Z"
    },
    {
      "techniqueId": "2.1",
      "customerSignal": "opening",
      "customerMessage": "(Start van gesprek)",
      "sellerResponse": "hoe bent u bij ons terecht gekomen?",
      "context": {
        "sector": "vastgoed",
        "product": "beleggingsvastgoed",
        "klantType": "particulier met geld teveel"
      },
      "recordedBy": "demo-user",
      "detectedTechnique": "bron",
      "detectedConfidence": 0.5,
      "isCorrection": true,
      "id": "ref-1767444173933-vasye85vu",
      "recordedAt": "2026-01-03T12:42:53.933Z"
    },
    {
      "techniqueId": "2.1",
      "customerSignal": "opening",
      "customerMessage": "(Start van gesprek)",
      "sellerResponse": "hoe bent u bij ons terecht gekomen?",
      "context": {
        "sector": "vastgoed",
        "product": "beleggingsvastgoed",
        "klantType": "particulier met geld teveel"
      },
      "recordedBy": "demo-user",
      "detectedTechnique": "bron",
      "detectedConfidence": 0.5,
      "isCorrection": true,
      "id": "ref-1767450450710-evuep3rp2",
      "recordedAt": "2026-01-03T14:27:30.710Z"
    },
    {
      "techniqueId": "2",
      "customerSignal": "opening",
      "customerMessage": "(Start van gesprek)",
      "sellerResponse": "hoe bent u bij ons terecht gekomen?",
      "context": {
        "sector": "vastgoed",
        "product": "beleggingsvastgoed",
        "klantType": "particulier met geld teveel"
      },
      "recordedBy": "demo-user",
      "detectedTechnique": "bron",
      "detectedConfidence": 0.5,
      "isCorrection": true,
      "id": "ref-1767451111149-phbot62kq",
      "recordedAt": "2026-01-03T14:38:31.149Z"
    },
    {
      "techniqueId": "2.1",
      "customerSignal": "opening",
      "customerMessage": "(Start van gesprek)",
      "sellerResponse": "hoe bent u bij ons terecht gekomen?",
      "context": {
        "sector": "vastgoed",
        "product": "beleggingsvastgoed",
        "klantType": "particulier met geld teveel"
      },
      "recordedBy": "demo-user",
      "detectedTechnique": "2.1.1.1",
      "detectedConfidence": 0.5,
      "isCorrection": true,
      "id": "ref-1767527927820-obui34g1h",
      "recordedAt": "2026-01-04T11:58:47.820Z"
    },
    {
      "techniqueId": "2",
      "customerSignal": "opening",
      "customerMessage": "(Start van gesprek)",
      "sellerResponse": "Hoi, hoe ben je bij ons terechtgekomen?",
      "context": {
        "sector": "vastgoed",
        "product": "beleggingsvastgoed",
        "klantType": "particulier met geld teveel"
      },
      "recordedBy": "demo-user",
      "detectedTechnique": "2.1.1.1",
      "detectedConfidence": 0.5,
      "isCorrection": true,
      "id": "ref-1767529599306-hpgawj3n5",
      "recordedAt": "2026-01-04T12:26:39.306Z"
    },
    {
      "techniqueId": "2",
      "customerSignal": "opening",
      "customerMessage": "(Start van gesprek)",
      "sellerResponse": "Mag ik eens vragen hoe u precies bij ons bent terecht gekomen? De reden dat ik dat vraag is voor de marketing. Die weten graag of het budget goed gespendeerd is.",
      "context": {
        "sector": "vastgoed",
        "product": "beleggingsvastgoed",
        "klantType": "particulier met geld teveel"
      },
      "recordedBy": "demo-user",
      "detectedTechnique": "2.1.1.1",
      "detectedConfidence": 0.5,
      "isCorrection": true,
      "id": "ref-1767531367637-v0fi3upvw",
      "recordedAt": "2026-01-04T12:56:07.637Z"
    },
    {
      "techniqueId": "2.1",
      "customerSignal": "opening",
      "customerMessage": "(Start van gesprek)",
      "sellerResponse": "Mag ik eens vragen hoe u precies bij ons bent terecht gekomen? De reden dat ik dat vraag is voor de marketing. Die weten graag of het budget goed gespendeerd is.",
      "context": {
        "sector": "vastgoed",
        "product": "beleggingsvastgoed",
        "klantType": "particulier met geld teveel"
      },
      "recordedBy": "demo-user",
      "detectedTechnique": "2.1.1.1",
      "detectedConfidence": 0.5,
      "isCorrection": true,
      "id": "ref-1767532638189-ep3fxjz5a",
      "recordedAt": "2026-01-04T13:17:18.189Z"
    },
    {
      "techniqueId": "2.1.1.1",
      "customerSignal": "positief",
      "customerMessage": "",
      "sellerResponse": "Mag ik eens vragen hoe u precies bij ons bent terecht gekomen? De reden dat ik dat vraag is voor de marketing. Die weten graag of het budget goed gespendeerd is.",
      "context": {
        "sector": "vastgoed",
        "product": "beleggingsvastgoed",
        "klant_type": "particulier met geld teveel",
        "verkoopkanaal": "live",
        "isComplete": true,
        "turnNumber": 1,
        "phase": 2,
        "techniqueId": "2.1"
      },
      "recordedBy": "Hugo (Expert Mode)",
      "isCorrection": false,
      "id": "ref-1767532753099-vzccz9jzt",
      "recordedAt": "2026-01-04T13:19:13.099Z"
    },
    {
      "techniqueId": "2.1",
      "customerSignal": "positief",
      "customerMessage": "Ik ben via een aanbeveling van een kennis bij uw bedrijf uitgekomen. Hij heeft goede ervaringen gedeeld, dus dat wekte mijn interesse.",
      "sellerResponse": "wat had u daarin aangesproken?",
      "context": {
        "sector": "vastgoed",
        "product": "beleggingsvastgoed",
        "klantType": "particulier met geld teveel"
      },
      "recordedBy": "demo-user",
      "detectedTechnique": "2.1.1.1",
      "detectedConfidence": 1,
      "isCorrection": true,
      "id": "ref-1767532936251-hl0ewa56f",
      "recordedAt": "2026-01-04T13:22:16.251Z"
    },
    {
      "techniqueId": "2.1.2",
      "customerSignal": "vraag",
      "customerMessage": "",
      "sellerResponse": "wat had u daarin aangesproken?",
      "context": {
        "sector": "vastgoed",
        "product": "beleggingsvastgoed",
        "klant_type": "particulier met geld teveel",
        "verkoopkanaal": "live",
        "isComplete": true,
        "turnNumber": 2,
        "phase": 2,
        "techniqueId": "2.1"
      },
      "recordedBy": "Hugo (Expert Mode)",
      "detectedTechnique": "2.1.1.1",
      "isCorrection": true,
      "id": "ref-1767532938830-mi6m0j6rp",
      "recordedAt": "2026-01-04T13:22:18.830Z"
    },
    {
      "techniqueId": "2.1",
      "customerSignal": "opening",
      "customerMessage": "(Start van gesprek)",
      "sellerResponse": "Mag ik eens vragen hoe u precies bij ons bent terecht gekomen? De reden dat ik dat vraag is voor de marketing. Die weten graag of het budget goed gespendeerd is.",
      "context": {
        "sector": "vastgoed",
        "product": "beleggingsvastgoed",
        "klantType": "particulier met geld teveel"
      },
      "recordedBy": "demo-user",
      "detectedTechnique": "2.1.1.1",
      "detectedConfidence": 0.5,
      "isCorrection": true,
      "id": "ref-1767533219770-9moxbrohx",
      "recordedAt": "2026-01-04T13:26:59.770Z"
    },
    {
      "techniqueId": "2.1",
      "customerSignal": "positief",
      "customerMessage": "Ik heb jullie gevonden via een online zoekopdracht naar beleggingsvastgoed. Jullie kwamen daarbij naar voren als een van de partijen met een professioneel aanbod.",
      "sellerResponse": "En wat had u daarin aangesproken?",
      "context": {
        "sector": "vastgoed",
        "product": "beleggingsvastgoed",
        "klantType": "particulier met geld teveel"
      },
      "recordedBy": "demo-user",
      "detectedTechnique": "2.1.1.1",
      "detectedConfidence": 0.5,
      "isCorrection": true,
      "id": "ref-1767533238092-zl5p956aw",
      "recordedAt": "2026-01-04T13:27:18.092Z"
    },
    {
      "techniqueId": "2.1.2",
      "customerSignal": "positief",
      "customerMessage": "",
      "sellerResponse": "En wat had u daarin aangesproken?",
      "context": {
        "sector": "vastgoed",
        "product": "beleggingsvastgoed",
        "klant_type": "particulier met geld teveel",
        "verkoopkanaal": "live",
        "isComplete": true,
        "turnNumber": 2,
        "phase": 2,
        "techniqueId": "2.1"
      },
      "recordedBy": "Hugo (Expert Mode)",
      "isCorrection": false,
      "id": "ref-1767533332970-r3c2bb593",
      "recordedAt": "2026-01-04T13:28:52.970Z"
    },
    {
      "techniqueId": "2.1",
      "customerSignal": "opening",
      "customerMessage": "(Start van gesprek)",
      "sellerResponse": "Dag Hugo,   Mag ik eens vragen hoe u precies bij ons bent terecht gekomen? De reden dat ik dat vraag is voor de marketing. Die weten graag of het budget goed gespendeerd is.",
      "context": {
        "sector": "vastgoed",
        "product": "beleggingsvastgoed",
        "klantType": "particulier met geld teveel"
      },
      "recordedBy": "demo-user",
      "detectedTechnique": "2.1.1.1",
      "detectedConfidence": 0.5,
      "isCorrection": true,
      "id": "ref-1767534299476-kxa3kn0bf",
      "recordedAt": "2026-01-04T13:44:59.476Z"
    },
    {
      "techniqueId": "2.1",
      "customerSignal": "positief",
      "customerMessage": "Ik ben via een aanbeveling van een kennis bij jullie terechtgekomen. Hij sprak positief over jullie aanpak en aanbod.",
      "sellerResponse": "En wat had u daarin aangesproken?",
      "context": {
        "sector": "vastgoed",
        "product": "beleggingsvastgoed",
        "klantType": "particulier met geld teveel"
      },
      "recordedBy": "demo-user",
      "detectedTechnique": "2.1.1.1",
      "detectedConfidence": 0.5,
      "isCorrection": true,
      "id": "ref-1767534320317-bfpksz7ex",
      "recordedAt": "2026-01-04T13:45:20.317Z"
    },
    {
      "techniqueId": "2.1",
      "customerSignal": "opening",
      "customerMessage": "(Start van gesprek)",
      "sellerResponse": "Dag Hugo,   Mag ik eens vragen hoe u precies bij ons bent terecht gekomen? De reden dat ik dat vraag is voor de marketing. Die weten graag of het budget goed gespendeerd is.",
      "context": {
        "sector": "vastgoed",
        "product": "beleggingsvastgoed",
        "klantType": "particulier met geld teveel"
      },
      "recordedBy": "demo-user",
      "detectedTechnique": "2.1.1.1",
      "detectedConfidence": 0.5,
      "isCorrection": true,
      "id": "ref-1767646347365-h6v92g3xh",
      "recordedAt": "2026-01-05T20:52:27.365Z"
    },
    {
      "techniqueId": "2.1",
      "customerSignal": "opening",
      "customerMessage": "(Start van gesprek)",
      "sellerResponse": "Dag Hugo,   Mag ik eens vragen hoe u precies bij ons bent terecht gekomen? De reden dat ik dat vraag is voor de marketing. Die weten graag of het budget goed gespendeerd is.",
      "context": {
        "sector": "vastgoed",
        "product": "beleggingsvastgoed",
        "klantType": "particulier met geld teveel"
      },
      "recordedBy": "demo-user",
      "detectedTechnique": "2.1.1.1",
      "detectedConfidence": 0.5,
      "isCorrection": true,
      "id": "ref-1767649003777-fbimm7wv6",
      "recordedAt": "2026-01-05T21:36:43.777Z"
    },
    {
      "techniqueId": "2.1",
      "customerSignal": "opening",
      "customerMessage": "(Start van gesprek)",
      "sellerResponse": "Dag Hugo,   Mag ik eens vragen hoe u precies bij ons bent terecht gekomen? De reden dat ik dat vraag is voor de marketing. Die weten graag of het budget goed gespendeerd is.",
      "context": {
        "sector": "vastgoed",
        "product": "beleggingsvastgoed",
        "klantType": "particulier met geld teveel"
      },
      "recordedBy": "demo-user",
      "detectedTechnique": "2.1.1.1",
      "detectedConfidence": 0.5,
      "isCorrection": true,
      "id": "ref-1767662377473-wgmfde9bc",
      "recordedAt": "2026-01-06T01:19:37.473Z"
    },
    {
      "techniqueId": "2.1",
      "customerSignal": "opening",
      "customerMessage": "(Start van gesprek)",
      "sellerResponse": "Dag Hugo,   Mag ik eens vragen hoe u precies bij ons bent terecht gekomen? De reden dat ik dat vraag is voor de marketing. Die weten graag of het budget goed gespendeerd is.",
      "context": {
        "sector": "vastgoed",
        "product": "beleggingsvastgoed",
        "klantType": "particulier met geld teveel"
      },
      "recordedBy": "demo-user",
      "detectedTechnique": "2.1.1.1",
      "detectedConfidence": 0.5,
      "isCorrection": true,
      "id": "ref-1767704648960-eeq8rfezu",
      "recordedAt": "2026-01-06T13:04:08.960Z"
    },
    {
      "techniqueId": "2.1",
      "customerSignal": "vraag",
      "customerMessage": "Hmm, ik weet het niet zo goed.",
      "sellerResponse": "was het eerder de zorgeloosheid of de zekerheid die u had aangesproken?",
      "context": {
        "sector": "vastgoed",
        "product": "beleggingsvastgoed",
        "klantType": "particulier met geld teveel"
      },
      "recordedBy": "demo-user",
      "detectedTechnique": "2.1.1.3",
      "detectedConfidence": 0.5,
      "isCorrection": true,
      "id": "ref-1767704763961-lw2342ryr",
      "recordedAt": "2026-01-06T13:06:03.961Z"
    },
    {
      "techniqueId": "2.1",
      "customerSignal": "opening",
      "customerMessage": "(Start van gesprek)",
      "sellerResponse": "Dag Hugo,   Mag ik eens vragen hoe u precies bij ons bent terecht gekomen? De reden dat ik dat vraag is voor de marketing. Die weten graag of het budget goed gespendeerd is.",
      "context": {
        "sector": "vastgoed",
        "product": "beleggingsvastgoed",
        "klantType": "particulier met geld teveel"
      },
      "recordedBy": "demo-user",
      "detectedTechnique": "2.1.1.1",
      "detectedConfidence": 0.5,
      "isCorrection": true,
      "id": "ref-1767706195020-qjgo0dqog",
      "recordedAt": "2026-01-06T13:29:55.020Z"
    },
    {
      "techniqueId": "2.1",
      "customerSignal": "negatief",
      "customerMessage": "Hmm, ik weet het niet zo goed.",
      "sellerResponse": "hoe bedoel je?",
      "context": {
        "sector": "vastgoed",
        "product": "beleggingsvastgoed",
        "klantType": "particulier met geld teveel"
      },
      "recordedBy": "demo-user",
      "isCorrection": false,
      "id": "ref-1767706222873-tj0odw1ij",
      "recordedAt": "2026-01-06T13:30:22.873Z"
    },
    {
      "techniqueId": "2.1",
      "customerSignal": "opening",
      "customerMessage": "(Start van gesprek)",
      "sellerResponse": "Dag Hugo,   Mag ik eens vragen hoe u precies bij ons bent terecht gekomen? De reden dat ik dat vraag is voor de marketing. Die weten graag of het budget goed gespendeerd is.",
      "context": {
        "sector": "vastgoed",
        "product": "beleggingsvastgoed",
        "klantType": "particulier met geld teveel"
      },
      "recordedBy": "demo-user",
      "detectedTechnique": "2.1.1.1",
      "detectedConfidence": 0.5,
      "isCorrection": true,
      "id": "ref-1767706901205-cpko86czr",
      "recordedAt": "2026-01-06T13:41:41.205Z"
    },
    {
      "techniqueId": "2.1",
      "customerSignal": "opening",
      "customerMessage": "(Start van gesprek)",
      "sellerResponse": "Dag Hugo,   Mag ik eens vragen hoe u precies bij ons bent terecht gekomen? De reden dat ik dat vraag is voor de marketing. Die weten graag of het budget goed gespendeerd is.",
      "context": {
        "sector": "vastgoed",
        "product": "beleggingsvastgoed",
        "klantType": "particulier met geld teveel"
      },
      "recordedBy": "demo-user",
      "detectedTechnique": "2.1.1.1",
      "detectedConfidence": 0.5,
      "isCorrection": true,
      "id": "ref-1767711452280-ngm9efpdc",
      "recordedAt": "2026-01-06T14:57:32.280Z"
    },
    {
      "techniqueId": "2.1",
      "customerSignal": "vraag",
      "customerMessage": "Via een collega. Ongeveer drie weken geleden stuurde zij mij een e-mail met een link naar jullie website en het contactformulier; daarop heb ik mijn gegevens achtergelaten en later telefonisch contact opgenomen. Hoe registreren jullie dat normaal bij marketing — als 'referral' of onder een specifieke campagne?",
      "sellerResponse": "goeie vraag, waarom vraag je dat? :)",
      "context": {
        "sector": "vastgoed",
        "product": "beleggingsvastgoed",
        "klantType": "particulier met geld teveel"
      },
      "recordedBy": "demo-user",
      "isCorrection": false,
      "id": "ref-1767711523526-m4rja2p71",
      "recordedAt": "2026-01-06T14:58:43.526Z"
    },
    {
      "techniqueId": "2.1",
      "customerSignal": "vaag",
      "customerMessage": "Goh, goede vraag... ik vroeg dat omdat ik wilde weten hoe jullie de herkomst van leads vastleggen voor jullie marketingrapportage. Feitelijk: ik kreeg drie weken geleden een e-mail van een collega met een link naar jullie website, heb daarop het contactformulier ingevuld en later telefonisch contact opgenomen. Verder weet ik niet welke interne classificatie of tags jullie in CRM gebruiken (referral of campagne).",
      "sellerResponse": "geen idee eigenlijk. mag ik vragen wat je daarn had aangesproken? in die e-mail?",
      "context": {
        "sector": "vastgoed",
        "product": "beleggingsvastgoed",
        "klantType": "particulier met geld teveel"
      },
      "recordedBy": "demo-user",
      "isCorrection": false,
      "id": "ref-1767711581496-ex74slf4g",
      "recordedAt": "2026-01-06T14:59:41.496Z"
    },
    {
      "techniqueId": "2.1",
      "customerSignal": "opening",
      "customerMessage": "(Start van gesprek)",
      "sellerResponse": "Dag Hugo,   Mag ik eens vragen hoe u precies bij ons bent terecht gekomen? De reden dat ik dat vraag is voor de marketing. Die weten graag of het budget goed gespendeerd is.",
      "context": {
        "sector": "vastgoed",
        "product": "beleggingsvastgoed",
        "klantType": "particulier met geld teveel"
      },
      "recordedBy": "demo-user",
      "detectedTechnique": "2.1.1.1",
      "detectedConfidence": 0.5,
      "isCorrection": true,
      "id": "ref-1767745989851-0qmk7266g",
      "recordedAt": "2026-01-07T00:33:09.851Z"
    },
    {
      "techniqueId": "2.1",
      "customerSignal": "vaag",
      "customerMessage": "Ja, tuurlijk.\n\nIk had jullie naam al een paar keer horen vallen via-via, collega van me heeft iets bij jullie gekocht. En daarna ben ik eens beginnen googelen op beleggingsvastgoed en dan kom je al snel op jullie website uit.\n\nIk denk dat ik uiteindelijk via Google Formulier heb ingevuld na een artikel dat ik las, maar het is een combinatie: mond-aan-mond + online zoeken.",
      "sellerResponse": "de max: En wat had u daarin aangesproken?",
      "context": {
        "sector": "vastgoed",
        "product": "beleggingsvastgoed",
        "klantType": "particulier met geld teveel"
      },
      "recordedBy": "demo-user",
      "detectedTechnique": "2.1.2",
      "detectedConfidence": 0.5,
      "isCorrection": true,
      "id": "ref-1767746079122-nlu7763po",
      "recordedAt": "2026-01-07T00:34:39.122Z"
    },
    {
      "techniqueId": "2.1",
      "customerSignal": "ontwijkend",
      "customerMessage": "Goh, vooral het feit dat het vrij concreet klonk.\n\nNiet zo’n vaag “word miljonair met vastgoed”-verhaal, maar eerder: dit is het type pand, dit is de huuropbrengst, dit is de structuur. En dat jullie blijkbaar alles een beetje begeleiden, van aankoop tot verhuur – al zal ik daar later nog wel wat vragen over hebben.\n\nEn bij dat artikel zelf: het ging over investeren in vastgoed als alternatief voor het klassieke sparen/beleggen, met wat cijfers erbij over rendement en huurmarkt. Dat triggert mij dan wel om verder te kijken.",
      "sellerResponse": "dus u heeft het graag duidelijk en zorgeloos, begrijp ik dat goed?",
      "context": {
        "sector": "vastgoed",
        "product": "beleggingsvastgoed",
        "klantType": "particulier met geld teveel"
      },
      "recordedBy": "demo-user",
      "detectedTechnique": "2.1.6",
      "detectedConfidence": 0.5,
      "isCorrection": true,
      "id": "ref-1767746158490-u99gcdzz1",
      "recordedAt": "2026-01-07T00:35:58.490Z"
    },
    {
      "techniqueId": "2.1",
      "customerSignal": "opening",
      "customerMessage": "(Start van gesprek)",
      "sellerResponse": "Dag Hugo,   Mag ik eens vragen hoe u precies bij ons bent terecht gekomen? De reden dat ik dat vraag is voor de marketing. Die weten graag of het budget goed gespendeerd is.",
      "context": {
        "sector": "vastgoed",
        "product": "beleggingsvastgoed",
        "klantType": "particulier met geld teveel"
      },
      "recordedBy": "demo-user",
      "detectedTechnique": "2.1.1.1",
      "detectedConfidence": 0.5,
      "isCorrection": true,
      "id": "ref-1767748876469-irtpyj8f8",
      "recordedAt": "2026-01-07T01:21:16.469Z"
    },
    {
      "techniqueId": "2.1",
      "customerSignal": "vraag",
      "customerMessage": "Ja hoor, natuurlijk. Via een vriend van me, Jeroen. Die had een webinar van jullie gevolgd en stuurde me daarna de link naar jullie website door.  \n\nMaar hoe werkt dat precies bij jullie, dat beleggen in vastgoed?",
      "sellerResponse": "heel goede vraag :), hangt er erg vanaf. wij hebben nl. verschillende oplossingen. hou die vraag dus even bij: ik kom daar zo dadelijk uitgebreid op terug. maar sta me toe om eerst even te vragen wat u daarin had aangesproken? in dat webinar?",
      "context": {
        "sector": "vastgoed",
        "product": "beleggingsvastgoed",
        "klantType": "particulier met geld teveel"
      },
      "recordedBy": "demo-user",
      "detectedTechnique": "2.1.4",
      "detectedConfidence": 1.5,
      "isCorrection": true,
      "id": "ref-1767748984597-mn2fcnmf1",
      "recordedAt": "2026-01-07T01:23:04.597Z"
    },
    {
      "techniqueId": "2.1",
      "customerSignal": "vaag",
      "customerMessage": "Goeie vraag… ehm, ik heb dat webinar zelf niet gezien natuurlijk, hè. \n\nWat mij vooral getriggerd heeft is wat Jeroen erover vertelde achteraf. Dat het een vrij “zorgeloze” manier van beleggen in vastgoed zou zijn, zonder dat je zelf met huurders, lekkages en al dat gedoe zit. En dat het, als ik het goed begrepen heb, ook iets meer rendement kan geven dan wanneer je het gewoon op de bank laat staan of in saaie fondsen stopt.\n\nMaar goed, ik heb er eerlijk gezegd nog niet superdiep in gekeken. Het is meer een soort “dit klinkt wel interessant, laat ik eens horen hoe dat werkt” dan dat ik al precies weet wat ik zoek.",
      "sellerResponse": "interessant, interessant, wat bedoel je precies met \"meer rendement dan fondsen of de bank\"?",
      "context": {
        "sector": "vastgoed",
        "product": "beleggingsvastgoed",
        "klantType": "particulier met geld teveel"
      },
      "recordedBy": "demo-user",
      "detectedTechnique": "2.1.5",
      "detectedConfidence": 0.5,
      "isCorrection": true,
      "id": "ref-1767749337186-npxvlnfly",
      "recordedAt": "2026-01-07T01:28:57.186Z"
    },
    {
      "techniqueId": "2.1",
      "customerSignal": "opening",
      "customerMessage": "(Start van gesprek)",
      "sellerResponse": "Dag Hugo,   Mag ik eens vragen hoe u precies bij ons bent terecht gekomen? De reden dat ik dat vraag is voor de marketing. Die weten graag of het budget goed gespendeerd is.",
      "context": {
        "sector": "vastgoed",
        "product": "beleggingsvastgoed",
        "klantType": "particulier met geld teveel"
      },
      "recordedBy": "demo-user",
      "detectedTechnique": "2.1.1.1",
      "detectedConfidence": 0.5,
      "isCorrection": true,
      "id": "ref-1767750298206-lzshr9yun",
      "recordedAt": "2026-01-07T01:44:58.206Z"
    },
    {
      "techniqueId": "2.1",
      "customerSignal": "vaag",
      "customerMessage": "Goh, ja… dat is een goeie vraag.  \nIk twijfel even… volgens mij was het een combinatie.\n\nIk meen dat ik eerst iets op Facebook of Instagram voorbij heb zien komen, zo’n advertentie. En later heb ik volgens mij ook nog een keer op jullie website gekeken, via Google.  \n\nMaar eerlijk gezegd zou ik niet precies durven zeggen wat nou de eerste trigger was.",
      "sellerResponse": "was het eerder het concept van zorgeloosheid of het feit dat er bepaalde garanties waren die u hadden aangesproekN?",
      "context": {
        "sector": "vastgoed",
        "product": "beleggingsvastgoed",
        "klantType": "particulier met geld teveel"
      },
      "recordedBy": "demo-user",
      "detectedTechnique": "2.1.3",
      "detectedConfidence": 0.5,
      "isCorrection": true,
      "id": "ref-1767750389546-kin3atelu",
      "recordedAt": "2026-01-07T01:46:29.546Z"
    },
    {
      "techniqueId": "2.1",
      "customerSignal": "negatief",
      "customerMessage": "Goeie vraag… maar eerlijk gezegd: geen van beide echt.\n\nDat woord “zorgeloos” triggert mij niet zo. Klinkt vaak als marketingpraat.  \nEn garanties… tja, daar zit toch altijd wel een maar achter, hé.\n\nHet was meer dat ik wat aan het rondkijken was naar alternatieven voor sparen en beleggen, en jullie naam een paar keer terugzag. Daardoor ben ik eens gaan klikken. Maar ik ben nog lang niet overtuigd of dit wel iets voor mij is.",
      "sellerResponse": "zorgeloos en garanties  inderaad dat begrijp ik. maar dus alternatieven voor sparen en beleggen? hoe bedoelt u dat?",
      "context": {
        "sector": "vastgoed",
        "product": "beleggingsvastgoed",
        "klantType": "particulier met geld teveel"
      },
      "recordedBy": "demo-user",
      "detectedTechnique": "2.1.5",
      "detectedConfidence": 0.5,
      "isCorrection": true,
      "id": "ref-1767750636405-ung6q9060",
      "recordedAt": "2026-01-07T01:50:36.405Z"
    },
    {
      "techniqueId": "2.1",
      "customerSignal": "vaag",
      "customerMessage": "Ja… hoe bedoel ik dat…\n\nNou, gewoon… ik heb wat geld staan waar eigenlijk niet zo veel mee gebeurt.  \nOp de bank levert het niks op, en in aandelen en fondsen zit ik ook al een stukje, maar daar heb je weer die schommelingen.\n\nDus ik was meer in de breedte aan het kijken:  \n“Zijn er nog andere manieren om mijn geld een beetje voor me te laten werken?”  \n\nHet is niet dat ik een heel concreet plaatje heb of zo – ik ben vooral aan het oriënteren. Ik weet ook nog niet of vastgoed dan per se de richting is.",
      "sellerResponse": "en waarom nu ?als ik dat vragen mag?",
      "context": {
        "sector": "vastgoed",
        "product": "beleggingsvastgoed",
        "klantType": "particulier met geld teveel"
      },
      "recordedBy": "demo-user",
      "detectedTechnique": "2.1.1.2",
      "detectedConfidence": 0.5,
      "isCorrection": true,
      "id": "ref-1767750716998-0zj45yn8y",
      "recordedAt": "2026-01-07T01:51:56.998Z"
    },
    {
      "techniqueId": "2.1",
      "customerSignal": "opening",
      "customerMessage": "(Start van gesprek)",
      "sellerResponse": "Dag Hugo,   Mag ik eens vragen hoe u precies bij ons bent terecht gekomen? De reden dat ik dat vraag is voor de marketing. Die weten graag of het budget goed gespendeerd is.",
      "context": {},
      "recordedBy": "demo-user",
      "detectedTechnique": "2.1.1.1",
      "detectedConfidence": 0.5,
      "isCorrection": true,
      "id": "ref-1767788385484-mu29swcdb",
      "recordedAt": "2026-01-07T12:19:45.484Z"
    },
    {
      "techniqueId": "2.1",
      "customerSignal": "positief",
      "customerMessage": "Ja hoor, natuurlijk.  \n\nIk ben via Google bij jullie terechtgekomen. Ik was specifiek op zoek naar een partij die ervaring heeft met [jullie dienst/productcategorie], en toen kwam ik eerst een blogartikel van jullie tegen en daarna jullie homepage.  \n\nDaarnaast heb ik jullie naam ook één keer gehoord via een collega in mijn netwerk, maar de concrete aanleiding om contact op te nemen was echt mijn online zoektocht.",
      "sellerResponse": "wat had u daarin aangesproken?",
      "context": {},
      "recordedBy": "demo-user",
      "detectedTechnique": "2.1.2",
      "detectedConfidence": 0.5,
      "isCorrection": true,
      "id": "ref-1767788421916-oqllsjiey",
      "recordedAt": "2026-01-07T12:20:21.916Z"
    },
    {
      "techniqueId": "2.1",
      "customerSignal": "positief",
      "customerMessage": "Vooral twee dingen eigenlijk.  \n\nTen eerste: de inhoud van het blogartikel. Dat was behoorlijk concreet, met voorbeelden en geen vage marketingtaal. Daardoor kreeg ik het gevoel dat jullie echt weten waar jullie het over hebben in [jullie dienst/productcategorie].  \n\nTen tweede: op de homepage vond ik het fijn dat meteen duidelijk was voor welk type klanten jullie werken en wat het traject ongeveer inhoudt. Dat gaf me een eerste indruk van de aanpak en het niveau, en dat sloot goed aan bij wat wij zoeken.",
      "sellerResponse": "duidelikheid is belangrijk voor u, begrijp ik?",
      "context": {},
      "recordedBy": "demo-user",
      "detectedTechnique": "2.1.6",
      "detectedConfidence": 0.5,
      "isCorrection": true,
      "id": "ref-1767788487682-mssulp7ol",
      "recordedAt": "2026-01-07T12:21:27.682Z"
    },
    {
      "techniqueId": "2.1",
      "customerSignal": "vaag",
      "customerMessage": "Ja, dat klopt wel.  \n\nIk heb liever dat ik vrij snel kan zien wat jullie precies doen, voor wie, en wat ik ongeveer kan verwachten qua aanpak. Dat helpt om een eerste inschatting te maken of het überhaupt relevant is voor ons.",
      "sellerResponse": "mag ik vragen waarom u net nu met ons contact hebt opgenomen en niet bijvoorbeeld een jaar terug?",
      "context": {},
      "recordedBy": "demo-user",
      "detectedTechnique": "2.1.1.2",
      "detectedConfidence": 1,
      "isCorrection": true,
      "id": "ref-1767788555359-499rsjmj4",
      "recordedAt": "2026-01-07T12:22:35.359Z"
    },
    {
      "techniqueId": "2.1",
      "customerSignal": "opening",
      "customerMessage": "(Start van gesprek)",
      "sellerResponse": "hoe ben je bijs ons terecht gekomen?",
      "context": {
        "sector": "zonnepanelen / solar sector",
        "product": "zonnepanelen",
        "klantType": "Particuliere huiseigenaren die via hun omgeving hebben gehoord dat zonnepanelen een goed idee zijn en daardoor geïnteresseerd raken."
      },
      "recordedBy": "demo-user",
      "detectedTechnique": "2.1.1.1",
      "detectedConfidence": 0.5,
      "isCorrection": true,
      "id": "ref-1768173325774-y36ahh0fz",
      "recordedAt": "2026-01-11T23:15:25.774Z"
    },
    {
      "techniqueId": "2.1",
      "customerSignal": "positief",
      "customerMessage": "Ik heb via een collega op het werk over jullie gehoord, die heel tevreden was over de installatie bij hem thuis. Daarna ben ik jullie naam nog een paar keer online tegengekomen en toen dacht ik: laat ik toch eens informeren.",
      "sellerResponse": "leuk at te horen: wat vond hij zo goed aan de installatie?",
      "context": {
        "sector": "zonnepanelen / solar sector",
        "product": "zonnepanelen",
        "klantType": "Particuliere huiseigenaren die via hun omgeving hebben gehoord dat zonnepanelen een goed idee zijn en daardoor geïnteresseerd raken."
      },
      "recordedBy": "demo-user",
      "detectedTechnique": "2.1.1.3",
      "detectedConfidence": 0.5,
      "isCorrection": true,
      "id": "ref-1768173427168-m8avcciru",
      "recordedAt": "2026-01-11T23:17:07.168Z"
    },
    {
      "techniqueId": "2.1",
      "customerSignal": "vraag",
      "customerMessage": "Hij was vooral te spreken over hoe soepel alles verliep, van de eerste opname tot de uiteindelijke installatie. Ook gaf hij aan dat alles netjes werd afgewerkt en dat jullie goed meedachten over de beste opstelling voor zijn dak.",
      "sellerResponse": "en begripj ik het goed dat dat belangrijke criteria zijn voor u?",
      "context": {
        "sector": "zonnepanelen / solar sector",
        "product": "zonnepanelen",
        "klantType": "Particuliere huiseigenaren die via hun omgeving hebben gehoord dat zonnepanelen een goed idee zijn en daardoor geïnteresseerd raken."
      },
      "recordedBy": "demo-user",
      "detectedTechnique": "2.1.2",
      "detectedConfidence": 0.5,
      "isCorrection": true,
      "id": "ref-1768173474292-81n2fdm3a",
      "recordedAt": "2026-01-11T23:17:54.292Z"
    },
    {
      "techniqueId": "2.1",
      "customerSignal": "vraag",
      "customerMessage": "Ja, dat klopt wel. Ik vind het belangrijk dat het proces duidelijk en soepel verloopt, zonder gedoe achteraf. En ik hecht er ook veel waarde aan dat er goed wordt meegedacht over wat het beste is voor mijn huis, niet alleen wat het meeste oplevert.",
      "sellerResponse": "mag ik vragen waarom dat zo belagnrijk is voor u?",
      "context": {
        "sector": "zonnepanelen / solar sector",
        "product": "zonnepanelen",
        "klantType": "Particuliere huiseigenaren die via hun omgeving hebben gehoord dat zonnepanelen een goed idee zijn en daardoor geïnteresseerd raken."
      },
      "recordedBy": "demo-user",
      "detectedTechnique": "2.1.2",
      "detectedConfidence": 1,
      "isCorrection": true,
      "id": "ref-1768173645876-numdj6ddn",
      "recordedAt": "2026-01-11T23:20:45.877Z"
    },
    {
      "techniqueId": "2.1",
      "customerSignal": "positief",
      "customerMessage": "Omdat ik er zelf niet heel veel verstand van heb, moet ik erop kunnen vertrouwen dat het goed en eerlijk gebeurt. Dit is een flinke investering in mijn huis, dus ik wil geen verrassingen achteraf of half werk waar ik later spijt van krijg.",
      "sellerResponse": "oke, ik begrijp het. want stel dat je er inderdaad zelf weinig van afweet en er schort iets aan en de zonnepanelen installateur is niet bereikbaar... wat dan",
      "context": {
        "sector": "zonnepanelen / solar sector",
        "product": "zonnepanelen",
        "klantType": "Particuliere huiseigenaren die via hun omgeving hebben gehoord dat zonnepanelen een goed idee zijn en daardoor geïnteresseerd raken."
      },
      "recordedBy": "demo-user",
      "detectedTechnique": "2.1.2",
      "detectedConfidence": 0.2,
      "isCorrection": true,
      "id": "ref-1768173738960-93jigvgpn",
      "recordedAt": "2026-01-11T23:22:18.960Z"
    },
    {
      "techniqueId": "2.1",
      "customerSignal": "positief",
      "customerMessage": "Ja, precies, dat is nou net waar ik bang voor ben. Dan zit ik met een probleem op mijn dak waar ik zelf niks van snap, en moet ik misschien weer iemand anders inhuren om het op te lossen. Dat kost tijd, geld en vooral een hoop frustratie, en dat wil ik echt voorkomen.",
      "sellerResponse": "dus als ik eht goed begrijp is service voor u van doorslaggevend belang?",
      "context": {
        "sector": "zonnepanelen / solar sector",
        "product": "zonnepanelen",
        "klantType": "Particuliere huiseigenaren die via hun omgeving hebben gehoord dat zonnepanelen een goed idee zijn en daardoor geïnteresseerd raken."
      },
      "recordedBy": "demo-user",
      "detectedTechnique": "2.1.2",
      "detectedConfidence": 0.5,
      "isCorrection": true,
      "id": "ref-1768173792356-95ioab2m8",
      "recordedAt": "2026-01-11T23:23:12.356Z"
    },
    {
      "techniqueId": "2.1",
      "customerSignal": "vraag",
      "customerMessage": "Ja, absoluut, service is voor mij echt doorslaggevend.  \nIk betaal liever iets meer als ik zeker weet dat ik bij problemen snel en goed geholpen word, dan dat ik achteraf zit te leuren bij een bedrijf dat niet bereikbaar is.",
      "sellerResponse": "dat begriijp ik: dat hoor ik van bijna al onze klanten.",
      "context": {
        "sector": "zonnepanelen / solar sector",
        "product": "zonnepanelen",
        "klantType": "Particuliere huiseigenaren die via hun omgeving hebben gehoord dat zonnepanelen een goed idee zijn en daardoor geïnteresseerd raken."
      },
      "recordedBy": "demo-user",
      "detectedTechnique": "2.1.6",
      "detectedConfidence": 0.2,
      "isCorrection": true,
      "id": "ref-1768173830408-7h1ne6xim",
      "recordedAt": "2026-01-11T23:23:50.408Z"
    },
    {
      "techniqueId": "2.1",
      "customerSignal": "negatief",
      "customerMessage": "Ja, dat kan ik me voorstellen, maar dat zegt natuurlijk ieder bedrijf.  \nWaar ik benieuwd naar ben: hoe borgen jullie dat dan écht in de praktijk?  \nWat gebeurt er als er over twee jaar iets misgaat en ik jullie nodig heb?",
      "sellerResponse": "heel concreet: wij servicen altijd binnen de 24 uur. contractueel vergoeden wij voor al het gemiste rendement in deze periode. moesten we niet binenn de 24 uur de oplossing kunenn vnden, dan vergoeden we dubbel.",
      "context": {
        "sector": "zonnepanelen / solar sector",
        "product": "zonnepanelen",
        "klantType": "Particuliere huiseigenaren die via hun omgeving hebben gehoord dat zonnepanelen een goed idee zijn en daardoor geïnteresseerd raken."
      },
      "recordedBy": "demo-user",
      "isCorrection": false,
      "id": "ref-1768173897129-ct1h1r1od",
      "recordedAt": "2026-01-11T23:24:57.129Z"
    },
    {
      "techniqueId": "2.1",
      "customerSignal": "vaag",
      "customerMessage": "Oké, dat klinkt wel heel goed, maar eerlijk gezegd ook bijna té mooi om waar te zijn.  \nHoe ligt dat vast? Staat dit letterlijk in het contract, en hebben jullie voorbeelden van klanten bij wie dit ook echt zo is afgehandeld?",
      "sellerResponse": "concreet betekent dat voor u dat u financieel en ook wat betreft uw zorgen compleet financieel schadeloos gestled worden en dat staat contractueel zo vast.",
      "context": {
        "sector": "zonnepanelen / solar sector",
        "product": "zonnepanelen",
        "klantType": "Particuliere huiseigenaren die via hun omgeving hebben gehoord dat zonnepanelen een goed idee zijn en daardoor geïnteresseerd raken."
      },
      "recordedBy": "demo-user",
      "isCorrection": false,
      "id": "ref-1768173956931-lh00z9jf1",
      "recordedAt": "2026-01-11T23:25:56.931Z"
    },
    {
      "techniqueId": "2.1",
      "customerSignal": "negatief",
      "customerMessage": "Oké, helder dat het in het contract staat, dat stelt me deels gerust.  \nMaar kun je me dan ook een concreet voorbeeld laten zien van zo’n geval, of misschien een referentie van een klant die dit daadwerkelijk zo heeft ervaren?",
      "sellerResponse": "heel goeie vraag: hou dat bij: daar kom ik st raks op terug. maar zeg eerst eens:  hoe klintk dat nu voor jou?",
      "context": {
        "sector": "zonnepanelen / solar sector",
        "product": "zonnepanelen",
        "klantType": "Particuliere huiseigenaren die via hun omgeving hebben gehoord dat zonnepanelen een goed idee zijn en daardoor geïnteresseerd raken."
      },
      "recordedBy": "demo-user",
      "detectedTechnique": "2.1.4",
      "detectedConfidence": 1,
      "isCorrection": true,
      "id": "ref-1768174005813-qfg8cqkm5",
      "recordedAt": "2026-01-11T23:26:45.813Z"
    },
    {
      "techniqueId": "2.1",
      "customerSignal": "opening",
      "customerMessage": "(Start van gesprek)",
      "sellerResponse": "sdfjsdflm",
      "context": {
        "sector": "zonnepanelen / solar sector",
        "product": "zonnepanelen",
        "klantType": "Particuliere huiseigenaren die via hun omgeving hebben gehoord dat zonnepanelen een goed idee zijn en daardoor geïnteresseerd raken."
      },
      "recordedBy": "demo-user",
      "isCorrection": false,
      "id": "ref-1768229372804-eqlyqm047",
      "recordedAt": "2026-01-12T14:49:32.804Z"
    },
    {
      "techniqueId": "2.1",
      "customerSignal": "opening",
      "customerMessage": "(Start van gesprek)",
      "sellerResponse": "hoe ben je bij ons terecht gekomen?",
      "context": {
        "sector": "zonnepanelen / solar sector",
        "product": "zonnepanelen",
        "klantType": "Particuliere huiseigenaren die via hun omgeving hebben gehoord dat zonnepanelen een goed idee zijn en daardoor geïnteresseerd raken."
      },
      "recordedBy": "demo-user",
      "detectedTechnique": "2.1.1.1",
      "detectedConfidence": 0.5,
      "isCorrection": true,
      "id": "ref-1768412290576-1lbsq1hhn",
      "recordedAt": "2026-01-14T17:38:10.576Z"
    },
    {
      "techniqueId": "2.1",
      "customerSignal": "opening",
      "customerMessage": "(Start van gesprek)",
      "sellerResponse": "zeg eens meneer x, hoe ben je bij ons terechtgekomen.",
      "context": {
        "sector": "zonnepanelen / solar sector",
        "product": "zonnepanelen",
        "klantType": "Particuliere huiseigenaren die via hun omgeving hebben gehoord dat zonnepanelen een goed idee zijn en daardoor geïnteresseerd raken."
      },
      "recordedBy": "demo-user",
      "detectedTechnique": "2.1.1.1",
      "detectedConfidence": 0.5,
      "isCorrection": true,
      "id": "ref-1768423891972-9dkce0299",
      "recordedAt": "2026-01-14T20:51:31.972Z"
    }
  ]
}